{
  "native": {
    "fitness": 0.9999952319302612,
    "precision": 0.9560007549569083,
    "f1": 0.9775032291349833,
    "nodes": 258,
    "arcs": 332
  },
  "etl": {
    "fitness": 0.9996403600409193,
    "precision": 0.9523683264015584,
    "f1": 0.9754319469045827,
    "nodes": 303,
    "arcs": 392
  },
  "bootstrap": {
    "native_f1": "0.9775[0.9774,0.9781]",
    "etl_f1": "0.9729[0.9709,0.9753]",
    "wilcoxon_p": 1.862645149230957e-09
  },
  "n_events": 141998,
  "n_objects": 78175,
  "n_links": 273367
}